Workbook

Sheet Instructions
B1: Tasks
A3: 1. | B3: Generate a random sample of 5000 values drawn from an Exponential random variable, X with parameter, l = 0.2. (a) Calculate the sample mean and standard deviation of X. Comment on your answers. (b) What values would you expect for the sample mean and standard deviation if l was increased to 0.25?
A5: 2. | B5: Produce a histogram of the data generated in task 1. Comment on its shape in worksheet Task 2.
A7: 3. | B7: Use the data from task 1 to estimate the probabilities P(X > x + h | X > x) and P(X > h) for three pairs of non-negative values of x and h of your choice. For each pair of values compare the conditional and unconditional probabilites. Explain your findings in worksheet Task 3.
A9: 4. | B9: Examine the effect of traffic intensity, by showing that as the service rate approaches the arrival rate, the expected time in the queue appears to increase without bound
B11: a. Complete the data table in worksheet Task 4a.
B12: b. Vary the arrival and service rates, and give a brief summary of your findings in worksheet Task 4b.
A14: 5. | B14: Would you rather go to a system with one fast server or a system with several slow servers? Would you rather go to a system with one fast server or a system with several slow servers? Would you rather go to a system with one fast server or a system with several slow servers? Would you rather go to a system with one fast server or a system with several slow servers?
B15: This question is addressed using the Task 5 worksheet. We consider two equivalent models
B16: in the sense that the traffic intensity, defined by r =l/ (sm), is exactly the same.
B17: Compare the summary measures for the two systems and decide under which conditions a customer would prefer a fast single server system to a system with multiple slow servers.

Sheet Task 1
B2: l | C2: 0.2 | E2: Sample mean | F2: =IFERROR(AVERAGE(C7:C5006),"Not defined") -> Not defined | I2: min | J2: =MIN(C7:C5006) -> 0
I3: max | J3: =MAX(C7:C5006) -> 0
E4: Sample SD | F4: =IFERROR(_xlfn.STDEV.S(C7:C5006),"Not defined") -> Not defined
C6: Sample values
B7: 1
B8: =B7+1 -> 2
B9: =B8+1 -> 3
B10: =B9+1 -> 4
B11: =B10+1 -> 5
B12: =B11+1 -> 6
B13: =B12+1 -> 7
B14: =B13+1 -> 8
B15: =B14+1 -> 9
B16: =B15+1 -> 10
B17: =B16+1 -> 11
B18: =B17+1 -> 12
B19: =B18+1 -> 13
... B5006: =B5005+1 -> 5000

Sheet Task 2
B2: Bin | C2: Bin | D2: Frequency
B3: 2
B4: =B3+2 -> 4
B5: =B4+2 -> 6
B6: =B5+2 -> 8
B7: =B6+2 -> 10
B8: =B7+2 -> 12
B9: =B8+2 -> 14
B10: =B9+2 -> 16
B11: =B10+2 -> 18
B12: =B11+2 -> 20
B13: =B12+2 -> 22
B14: =B13+2 -> 24
B15: =B14+2 -> 26
... B17: =B16+2 -> 30
B18: 32
B19: 34
B20: =B19+2 -> 36
B21: 38
B22: 40
B23: 42
B24: 44
B25: 46
C27: Exponential distribution, f(x)
C29: l | D29: 0.2
C32: x | D32: f(x) | E32: Magnitude of the change in f(x) in a small interval of time (0.1), divided by f(x), is constant
C33: 0 | D33: =D$29*EXP(-D$29*C33) -> 0.2
C34: =C33+0.1 -> 0.1 | D34: =D$29*EXP(-D$29*C34) -> 0.19603973 | E34: =((D33-D34)/(C34-C33))/D33 -> 0.19801327
C35: =C34+0.1 -> 0.2 | D35: =D$29*EXP(-D$29*C35) -> 0.19215789 | E35: =((D34-D35)/(C35-C34))/D34 -> 0.19801327
C36: =C35+0.1 -> 0.3 | D36: =D$29*EXP(-D$29*C36) -> 0.18835291 | E36: =((D35-D36)/(C36-C35))/D35 -> 0.19801327
C37: =C36+0.1 -> 0.4 | D37: =D$29*EXP(-D$29*C37) -> 0.18462327 | E37: =((D36-D37)/(C37-C36))/D36 -> 0.19801327
C38: =C37+0.1 -> 0.5 | D38: =D$29*EXP(-D$29*C38) -> 0.18096748 | E38: =((D37-D38)/(C38-C37))/D37 -> 0.19801327
C39: =C38+0.1 -> 0.6 | D39: =D$29*EXP(-D$29*C39) -> 0.17738409 | E39: =((D38-D39)/(C39-C38))/D38 -> 0.19801327
C40: =C39+0.1 -> 0.7 | D40: =D$29*EXP(-D$29*C40) -> 0.17387165 | E40: =((D39-D40)/(C40-C39))/D39 -> 0.19801327
C41: =C40+0.1 -> 0.8 | D41: =D$29*EXP(-D$29*C41) -> 0.17042876 | E41: =((D40-D41)/(C41-C40))/D40 -> 0.19801327
C42: =C41+0.1 -> 0.9 | D42: =D$29*EXP(-D$29*C42) -> 0.16705404 | E42: =((D41-D42)/(C42-C41))/D41 -> 0.19801327
C43: =C42+0.1 -> 1 | D43: =D$29*EXP(-D$29*C43) -> 0.16374615 | E43: =((D42-D43)/(C43-C42))/D42 -> 0.19801327
C44: =C43+0.1 -> 1.1 | D44: =D$29*EXP(-D$29*C44) -> 0.16050376 | E44: =((D43-D44)/(C44-C43))/D43 -> 0.19801327
C45: =C44+0.1 -> 1.2 | D45: =D$29*EXP(-D$29*C45) -> 0.15732557 | E45: =((D44-D45)/(C45-C44))/D44 -> 0.19801327
... C533: =C532+0.1 -> 50 | D533: =D$29*EXP(-D$29*C533) -> 9.079986e-06 | E533: =((D532-D533)/(C533-C532))/D532 -> 0.19801327

Sheet Task 3
B2: The table below illustrates the memoryless property of the Exponential distribution
B5: x | C5: h | D5: Pr(X > x + h| X > x) | E5: Pr(X > h)
B6: 0 | C6: 3 | D6: =COUNTIF('Task 1'!$C$7:$C$5006,">"&(B6+C6))/COUNTIF('Task 1'!$C$7:$C$5006,">"&B6) -> #DIV/0! | E6: =COUNTIF('Task 1'!$C$7:$C$5006,">"&C6)/5000 -> 0
B7: 1 | C7: 3 | D7: =COUNTIF('Task 1'!$C$7:$C$5006,">"&(B7+C7))/COUNTIF('Task 1'!$C$7:$C$5006,">"&B7) -> #DIV/0! | E7: =COUNTIF('Task 1'!$C$7:$C$5006,">"&C7)/5000 -> 0
B8: 2 | C8: 3 | D8: =COUNTIF('Task 1'!$C$7:$C$5006,">"&(B8+C8))/COUNTIF('Task 1'!$C$7:$C$5006,">"&B8) -> #DIV/0! | E8: =COUNTIF('Task 1'!$C$7:$C$5006,">"&C8)/5000 -> 0

Sheet Task 4a
A1: M/M/1 queue
A3: Inputs (customers/minute)
A4: Arrival rate, l | B4: 0.5
A5: Service rate, m | B5: =2/3 -> 0.66666667
A7: Outputs
A8: Mean time between arrivals | B8: =1/B4 -> 2
A9: Mean time per service | B9: =1/B5 -> 1.5
A10: Traffic intensity, r | B10: =B9/B8 -> 0.75
A12: Summary measures
A13: Expected no. customers in system, L | B13: =B10/(1-B10) -> 3
A14: Expected no. of customers in queue, LQ | B14: =B4*B16 -> 2.25
A15: Expected time in system (in minutes), W | B15: =B13/B4 -> 6
A16: Expected time in queue (in minutes), WQ | B16: =B15-1/B5 -> 4.5
A17: Server utilisation, U | B17: =B10 -> 0.75
D19: Distribution of number of customers, n in the system | G19: Data table for expected time in queue by service rate | J19: Distribution of time, t (in minutes) in queue*
D21: n | E21: Pr(n in system) | G21: Service rate | H21: Queue time | J21: t | K21: Pr(wait > t)
D22: 0 | E22: =(1-$B$10)*$B$10^D22 -> 0.25 | J22: 2 | K22: =$B$10*EXP(-$B$5*(1-$B$10)*J22) -> 0.53739848
D23: =D22+1 -> 1 | E23: =(1-$B$10)*$B$10^D23 -> 0.1875 | G23: 0.505
D24: =D23+1 -> 2 | E24: =(1-$B$10)*$B$10^D24 -> 0.140625 | G24: 0.51 | J24: *Formula is given in Text p. 681: Pr(Time in queue > t) = 1-re-m(1-r)t.
D25: =D24+1 -> 3 | E25: =(1-$B$10)*$B$10^D25 -> 0.10546875 | G25: 0.515
D26: =D25+1 -> 4 | E26: =(1-$B$10)*$B$10^D26 -> 0.079101562 | G26: 0.52
D27: =D26+1 -> 5 | E27: =(1-$B$10)*$B$10^D27 -> 0.059326172 | G27: 0.525
D28: =D27+1 -> 6 | E28: =(1-$B$10)*$B$10^D28 -> 0.044494629 | G28: 0.53
D29: =D28+1 -> 7 | E29: =(1-$B$10)*$B$10^D29 -> 0.033370972 | G29: 0.535
D30: =D29+1 -> 8 | E30: =(1-$B$10)*$B$10^D30 -> 0.025028229 | G30: 0.54
D31: =D30+1 -> 9 | E31: =(1-$B$10)*$B$10^D31 -> 0.018771172 | G31: 0.545
D32: =D31+1 -> 10 | E32: =(1-$B$10)*$B$10^D32 -> 0.014078379 | G32: 0.55
D33: =D32+1 -> 11 | E33: =(1-$B$10)*$B$10^D33 -> 0.010558784 | G33: 0.555
D34: =D33+1 -> 12 | E34: =(1-$B$10)*$B$10^D34 -> 0.007919088 | G34: 0.56
D35: =D34+1 -> 13 | E35: =(1-$B$10)*$B$10^D35 -> 0.005939316 | G35: 0.565
D36: =D35+1 -> 14 | E36: =(1-$B$10)*$B$10^D36 -> 0.004454487 | G36: 0.57
... D42: =D41+1 -> 20 | E42: =(1-$B$10)*$B$10^D42 -> 0.00079280298 | G42: 0.6
D43: =D42+1 -> 21 | E43: =(1-$B$10)*$B$10^D43 -> 0.00059460224
D44: =D43+1 -> 22 | E44: =(1-$B$10)*$B$10^D44 -> 0.00044595168

Sheet Task 4b
A1: M/M/1 queue
A3: Inputs (customers/minute) | B3: Defined
A4: Arrival rate, l | B4: 0.5
A5: Service rate, m | B5: =2/3 -> 0.66666667
A7: Outputs | C7: Estimated*
A8: Mean time between arrivals | B8: =1/B4 -> 2 | C8: =AVERAGE(F$28:F$5027) -> 1.9863566
A9: Mean time per service | B9: =1/B5 -> 1.5 | C9: =AVERAGE(I$28:I$5027) -> 1.5453608
A10: Traffic intensity, r | B10: =B9/B8 -> 0.75 | C10: =C9/C8 -> 0.77798758
A12: Summary measures | C12: Estimated
A13: Expected no. customers in system, L | B13: =IFERROR(B10/(1-B10),"Not defined") -> 3 | C13: =AVERAGE(Q$28:Q$5027) -> 3.5228
A14: Expected no. of customers in queue, LQ | B14: =IFERROR(B4*B17,"Not defined") -> 2.25 | C14: =C13-C15 -> 2.7394
A15: Expected no. in service, LS | B15: =IFERROR(B13-B14,"Not defined") -> 0.75 | C15: =AVERAGE(P$28:P$5027) -> 0.7834
A16: Expected time in system (in minutes), W | B16: =IFERROR(B13/B4,"Not defined") -> 6 | C16: =AVERAGE(M$28:M$5027) -> 6.9005352
A17: Expected time in queue (in minutes), WQ | B17: =IFERROR(B16-1/B5,"Not defined") -> 4.5 | C17: =C16-AVERAGE(I$28:I$5027) -> 5.3551744
A18: Server utilisation,** U | B18: =B10 -> 0.75 | C18: =COUNTIF(P$28:P$5027,">0")/5000 -> 0.7834
A20: *Estimates are derived from the simulation data below (n = 5,000)
A22: **Note: for an M/M/1 queue, server utilisation is always the same as the expected number in service
F25: Inter-arrival times | G25: Actual arrival times | L25: No. left in queue when service ends | M25: Time this arrival was in system
I26: Service times | J26: Service time starts | K26: Service time ends | O26: Random times | P26: No. in | Q26: No. in
H27: Arrival # | P27: service | Q27: system
E28: 1 | F28: =-(1/B$4)*LN(RAND()) -> 0.72297059 | G28: =SUM(F$28:F28) -> 0.72297059 | H28: =E28 -> 1 | I28: =-(1/B$5)*LN(RAND()) -> 1.6548622 | J28: =G28 -> 0.72297059 | K28: =J28+I28 -> 2.3778328 | L28: =COUNTIF(G$28:G$5027,"<"&K28)-H28 -> 2 | M28: =K28-G28 -> 1.6548622 | O28: =K$5027*RAND() -> 9819.0803 | P28: =COUNTIF(J$28:J$5027,"<"&O28)-COUNTIF(K$28:K$5027,"<"&O28) -> 1 | Q28: =COUNTIF(G$28:G$5027,"<"&O28)-COUNTIF(K$28:K$5027,"<"&O28) -> 1
E29: =E28+1 -> 2 | F29: =-(1/B$4)*LN(RAND()) -> 0.19011661 | G29: =G28+F29 -> 0.9130872 | H29: =E29 -> 2 | I29: =-(1/B$5)*LN(RAND()) -> 0.095516708 | J29: =MAX(G29,K28) -> 2.3778328 | K29: =J29+I29 -> 2.4733495 | L29: =COUNTIF(G$28:G$5027,"<"&K29)-H29 -> 1 | M29: =K29-G29 -> 1.5602623 | O29: =K$5027*RAND() -> 4128.6894 | P29: =COUNTIF(J$28:J$5027,"<"&O29)-COUNTIF(K$28:K$5027,"<"&O29) -> 0 | Q29: =COUNTIF(G$28:G$5027,"<"&O29)-COUNTIF(K$28:K$5027,"<"&O29) -> 0
E30: =E29+1 -> 3 | F30: =-(1/B$4)*LN(RAND()) -> 0.93305258 | G30: =G29+F30 -> 1.8461398 | H30: =E30 -> 3 | I30: =-(1/B$5)*LN(RAND()) -> 1.3042782 | J30: =MAX(G30,K29) -> 2.4733495 | K30: =J30+I30 -> 3.7776277 | L30: =COUNTIF(G$28:G$5027,"<"&K30)-H30 -> 1 | M30: =K30-G30 -> 1.931488 | O30: =K$5027*RAND() -> 182.5585 | P30: =COUNTIF(J$28:J$5027,"<"&O30)-COUNTIF(K$28:K$5027,"<"&O30) -> 1 | Q30: =COUNTIF(G$28:G$5027,"<"&O30)-COUNTIF(K$28:K$5027,"<"&O30) -> 4
E31: =E30+1 -> 4 | F31: =-(1/B$4)*LN(RAND()) -> 0.79630095 | G31: =G30+F31 -> 2.6424407 | H31: =E31 -> 4 | I31: =-(1/B$5)*LN(RAND()) -> 0.97647033 | J31: =MAX(G31,K30) -> 3.7776277 | K31: =J31+I31 -> 4.7540981 | L31: =COUNTIF(G$28:G$5027,"<"&K31)-H31 -> 0 | M31: =K31-G31 -> 2.1116573 | O31: =K$5027*RAND() -> 9388.8176 | P31: =COUNTIF(J$28:J$5027,"<"&O31)-COUNTIF(K$28:K$5027,"<"&O31) -> 1 | Q31: =COUNTIF(G$28:G$5027,"<"&O31)-COUNTIF(K$28:K$5027,"<"&O31) -> 10
E32: =E31+1 -> 5 | F32: =-(1/B$4)*LN(RAND()) -> 4.4336984 | G32: =G31+F32 -> 7.0761391 | H32: =E32 -> 5 | I32: =-(1/B$5)*LN(RAND()) -> 0.69655177 | J32: =MAX(G32,K31) -> 7.0761391 | K32: =J32+I32 -> 7.7726909 | L32: =COUNTIF(G$28:G$5027,"<"&K32)-H32 -> 0 | M32: =K32-G32 -> 0.69655177 | O32: =K$5027*RAND() -> 9481.8535 | P32: =COUNTIF(J$28:J$5027,"<"&O32)-COUNTIF(K$28:K$5027,"<"&O32) -> 1 | Q32: =COUNTIF(G$28:G$5027,"<"&O32)-COUNTIF(K$28:K$5027,"<"&O32) -> 2
E33: =E32+1 -> 6 | F33: =-(1/B$4)*LN(RAND()) -> 2.4172249 | G33: =G32+F33 -> 9.4933641 | H33: =E33 -> 6 | I33: =-(1/B$5)*LN(RAND()) -> 4.6562991 | J33: =MAX(G33,K32) -> 9.4933641 | K33: =J33+I33 -> 14.149663 | L33: =COUNTIF(G$28:G$5027,"<"&K33)-H33 -> 4 | M33: =K33-G33 -> 4.6562991 | O33: =K$5027*RAND() -> 5905.916 | P33: =COUNTIF(J$28:J$5027,"<"&O33)-COUNTIF(K$28:K$5027,"<"&O33) -> 1 | Q33: =COUNTIF(G$28:G$5027,"<"&O33)-COUNTIF(K$28:K$5027,"<"&O33) -> 2
E34: =E33+1 -> 7 | F34: =-(1/B$4)*LN(RAND()) -> 2.7999823 | G34: =G33+F34 -> 12.293346 | H34: =E34 -> 7 | I34: =-(1/B$5)*LN(RAND()) -> 1.8615683 | J34: =MAX(G34,K33) -> 14.149663 | K34: =J34+I34 -> 16.011231 | L34: =COUNTIF(G$28:G$5027,"<"&K34)-H34 -> 5 | M34: =K34-G34 -> 3.7178851 | O34: =K$5027*RAND() -> 6226.9389 | P34: =COUNTIF(J$28:J$5027,"<"&O34)-COUNTIF(K$28:K$5027,"<"&O34) -> 1 | Q34: =COUNTIF(G$28:G$5027,"<"&O34)-COUNTIF(K$28:K$5027,"<"&O34) -> 11
E35: =E34+1 -> 8 | F35: =-(1/B$4)*LN(RAND()) -> 0.4582819 | G35: =G34+F35 -> 12.751628 | H35: =E35 -> 8 | I35: =-(1/B$5)*LN(RAND()) -> 0.40779659 | J35: =MAX(G35,K34) -> 16.011231 | K35: =J35+I35 -> 16.419028 | L35: =COUNTIF(G$28:G$5027,"<"&K35)-H35 -> 4 | M35: =K35-G35 -> 3.6673998 | O35: =K$5027*RAND() -> 3254.7093 | P35: =COUNTIF(J$28:J$5027,"<"&O35)-COUNTIF(K$28:K$5027,"<"&O35) -> 0 | Q35: =COUNTIF(G$28:G$5027,"<"&O35)-COUNTIF(K$28:K$5027,"<"&O35) -> 0
E36: =E35+1 -> 9 | F36: =-(1/B$4)*LN(RAND()) -> 1.1601696 | G36: =G35+F36 -> 13.911798 | H36: =E36 -> 9 | I36: =-(1/B$5)*LN(RAND()) -> 1.1629911 | J36: =MAX(G36,K35) -> 16.419028 | K36: =J36+I36 -> 17.582019 | L36: =COUNTIF(G$28:G$5027,"<"&K36)-H36 -> 5 | M36: =K36-G36 -> 3.6702214 | O36: =K$5027*RAND() -> 3181.2939 | P36: =COUNTIF(J$28:J$5027,"<"&O36)-COUNTIF(K$28:K$5027,"<"&O36) -> 0 | Q36: =COUNTIF(G$28:G$5027,"<"&O36)-COUNTIF(K$28:K$5027,"<"&O36) -> 0
E37: =E36+1 -> 10 | F37: =-(1/B$4)*LN(RAND()) -> 0.0077234542 | G37: =G36+F37 -> 13.919521 | H37: =E37 -> 10 | I37: =-(1/B$5)*LN(RAND()) -> 1.5857257 | J37: =MAX(G37,K36) -> 17.582019 | K37: =J37+I37 -> 19.167745 | L37: =COUNTIF(G$28:G$5027,"<"&K37)-H37 -> 4 | M37: =K37-G37 -> 5.2482236 | O37: =K$5027*RAND() -> 9140.6357 | P37: =COUNTIF(J$28:J$5027,"<"&O37)-COUNTIF(K$28:K$5027,"<"&O37) -> 1 | Q37: =COUNTIF(G$28:G$5027,"<"&O37)-COUNTIF(K$28:K$5027,"<"&O37) -> 1
E38: =E37+1 -> 11 | F38: =-(1/B$4)*LN(RAND()) -> 0.9510342 | G38: =G37+F38 -> 14.870555 | H38: =E38 -> 11 | I38: =-(1/B$5)*LN(RAND()) -> 0.35955286 | J38: =MAX(G38,K37) -> 19.167745 | K38: =J38+I38 -> 19.527298 | L38: =COUNTIF(G$28:G$5027,"<"&K38)-H38 -> 3 | M38: =K38-G38 -> 4.6567422 | O38: =K$5027*RAND() -> 3807.5575 | P38: =COUNTIF(J$28:J$5027,"<"&O38)-COUNTIF(K$28:K$5027,"<"&O38) -> 1 | Q38: =COUNTIF(G$28:G$5027,"<"&O38)-COUNTIF(K$28:K$5027,"<"&O38) -> 3
E39: =E38+1 -> 12 | F39: =-(1/B$4)*LN(RAND()) -> 0.37789078 | G39: =G38+F39 -> 15.248446 | H39: =E39 -> 12 | I39: =-(1/B$5)*LN(RAND()) -> 0.075421008 | J39: =MAX(G39,K38) -> 19.527298 | K39: =J39+I39 -> 19.602719 | L39: =COUNTIF(G$28:G$5027,"<"&K39)-H39 -> 2 | M39: =K39-G39 -> 4.3542725 | O39: =K$5027*RAND() -> 7357.884 | P39: =COUNTIF(J$28:J$5027,"<"&O39)-COUNTIF(K$28:K$5027,"<"&O39) -> 1 | Q39: =COUNTIF(G$28:G$5027,"<"&O39)-COUNTIF(K$28:K$5027,"<"&O39) -> 1
E40: =E39+1 -> 13 | F40: =-(1/B$4)*LN(RAND()) -> 1.8768594 | G40: =G39+F40 -> 17.125306 | H40: =E40 -> 13 | I40: =-(1/B$5)*LN(RAND()) -> 0.59590903 | J40: =MAX(G40,K39) -> 19.602719 | K40: =J40+I40 -> 20.198628 | L40: =COUNTIF(G$28:G$5027,"<"&K40)-H40 -> 2 | M40: =K40-G40 -> 3.0733221 | O40: =K$5027*RAND() -> 5214.1732 | P40: =COUNTIF(J$28:J$5027,"<"&O40)-COUNTIF(K$28:K$5027,"<"&O40) -> 0 | Q40: =COUNTIF(G$28:G$5027,"<"&O40)-COUNTIF(K$28:K$5027,"<"&O40) -> 0
... E5027: =E5026+1 -> 5000 | F5027: =-(1/B$4)*LN(RAND()) -> 7.7861581 | G5027: =G5026+F5027 -> 9931.783 | H5027: =E5027 -> 5000 | I5027: =-(1/B$5)*LN(RAND()) -> 0.55065033 | J5027: =MAX(G5027,K5026) -> 9931.783 | K5027: =J5027+I5027 -> 9932.3336 | L5027: =COUNTIF(G$28:G$5027,"<"&K5027)-H5027 -> 0 | M5027: =K5027-G5027 -> 0.55065033 | O5027: =K$5027*RAND() -> 5574.4119 | P5027: =COUNTIF(J$28:J$5027,"<"&O5027)-COUNTIF(K$28:K$5027,"<"&O5027) -> 1 | Q5027: =COUNTIF(G$28:G$5027,"<"&O5027)-COUNTIF(K$28:K$5027,"<"&O5027) -> 6

Sheet Task 5
A1: M/M/1 queue | D1: M/M/5 queue*
A3: Inputs (customers/hour) | D3: Inputs (customers/hour)
A4: Arrival rate, l | B4: 25 | D4: Arrival rate, l | E4: 25
A5: Service rate, m | B5: 30 | D5: Service rate, m | E5: 6
A7: Outputs | D7: Outputs
A8: Mean time between arrivals (in hours) | B8: =1/B4 -> 0.04 | D8: Mean time between arrivals (in hours) | E8: =1/E4 -> 0.04
A9: Mean time per service (in hours) | B9: =1/B5 -> 0.033333333 | D9: Mean time per service (in hours) | E9: =1/E5 -> 0.16666667
A10: Traffic intensity, r | B10: =B9/B8 -> 0.83333333 | D10: Traffic intensity, r | E10: =E4/(5*E5) -> 0.83333333
A12: Summary measures | D12: Summary measures
A13: Pr(System is empty) | B13: =(1-B10) -> 0.16666667 | D13: Pr(System is empty) | E13: =(1+((5*E10)+((5*E10)^2)/2+((5*E10)^3)/6+((5*E10)^4)/24)+((5*E10)^5)/(120*(1-E10)))^(-1) -> 0.0098759976
A14: Pr(Server is busy) | B14: =1-B13 -> 0.83333333 | D14: Pr(All servers are busy) | E14: =((5*E10)^5)*E13/(120*(1-E10)) -> 0.62014717 | G14: Comparison
A15: Expected no. customers in system, L | B15: =B10/(1-B10) -> 5 | D15: Expected no. customers in system, L | E15: =E4*E17 -> 7.2674025
A16: Expected no. of customers in queue, LQ | B16: =B4*B18 -> 4.1666667 | D16: Expected no. of customers in queue, LQ | E16: =E14*(E10/(1-E10)) -> 3.1007359
A17: Expected time in system (in hours), W | B17: =B15/B4 -> 0.2 | D17: Expected time in system (in hours), W | E17: =E18+E9 -> 0.2906961
A18: Expected time in queue (in hours), WQ | B18: =B17-1/B5 -> 0.16666667 | D18: Expected time in queue (in hours), WQ | E18: =E16/E4 -> 0.12402943
A19: Server utilisation, U | B19: =B10 -> 0.83333333 | D19: Percentage who don't wait in queue** | E19: =1-E14 -> 0.37985283
D21: *Formulas are given on p. 685 of textbook
D22: **A customer can enter service immediately, i.e., doesn't have to wait, only if not all servers are busy when they arrive.
G23: Conclusion

Sheet class example
A1: M/M/1 queue
A3: Inputs (customers/minute)
A4: Arrival rate, l | B4: 0.75
A5: Service rate, m | B5: 1
A7: Outputs
A8: Mean time between arrivals | B8: =1/B4 -> 1.3333333
A9: Mean time per service | B9: =1/B5 -> 1
A10: Traffic intensity, r | B10: =B4/B5 -> 0.75
A12: Summary measures
A13: Expected no. customers in system, L | B13: =B10/(1-B10) -> 3
A14: Expected no. of customers in queue, LQ | B14: =B4*B16 -> 2.25
A15: Expected time in system (in minutes), W | B15: =B13/B4 -> 4
A16: Expected time in queue (in minutes), WQ | B16: =B15-1/B5 -> 3
A17: Server utilisation, U | B17: =B10 -> 0.75
